<category name="TextToSpeech">
  <block type="androidTextToSpeech_initialize"></block>
  <block type="androidTextToSpeech_getProperty_String">
    <field name="PROP">Status</field>
  </block>
  <block type="androidTextToSpeech_getProperty_String">
    <field name="PROP">LanguageCode</field>
  </block>
  <block type="androidTextToSpeech_getProperty_String">
    <field name="PROP">CountryCode</field>
  </block>
  <block type="androidTextToSpeech_getProperty_Boolean">
    <field name="PROP">IsSpeaking</field>
  </block>
  <block type="androidTextToSpeech_setProperty_Number">
    <field name="PROP">Pitch</field>
    <value name="VALUE"><shadow type="math_number"><field name="NUM">1.0</field></shadow></value>
  </block>
  <block type="androidTextToSpeech_setProperty_Number">
    <field name="PROP">SpeechRate</field>
    <value name="VALUE"><shadow type="math_number"><field name="NUM">1.0</field></shadow></value>
  </block>
  <block type="androidTextToSpeech_isLanguageAvailable_String">
    <value name="LANGUAGE_CODE"><shadow type="text"><field name="TEXT">en</field></shadow></value>
  </block>
  <block type="androidTextToSpeech_isLanguageAndCountryAvailable_String">
    <value name="LANGUAGE_CODE"><shadow type="text"><field name="TEXT">en</field></shadow></value>
    <value name="COUNTRY_CODE"><shadow type="text"><field name="TEXT">US</field></shadow></value>
  </block>
  <block type="androidTextToSpeech_setLanguage_String">
    <value name="LANGUAGE_CODE"><shadow type="text"><field name="TEXT">en</field></shadow></value>
  </block>
  <block type="androidTextToSpeech_setLanguageAndCountry_String">
    <value name="LANGUAGE_CODE"><shadow type="text"><field name="TEXT">en</field></shadow></value>
    <value name="COUNTRY_CODE"><shadow type="text"><field name="TEXT">US</field></shadow></value>
  </block>
  <block type="androidTextToSpeech_speak_String">
    <value name="TEXT"><shadow type="text"><field name="TEXT">Get to the choppa!</field></shadow></value>
  </block>
</category>
