<category name="Accelerometer">
  <block type="androidAccelerometer_isAvailable"></block>
  <block type="androidAccelerometer_startListening"></block>
  <block type="androidAccelerometer_stopListening"></block>
  <block type="androidAccelerometer_getProperty_Acceleration">
    <field name="PROP">Acceleration</field>
  </block>
  <block type="androidAccelerometer_getProperty_Number">
    <field name="PROP">X</field>
  </block>
  <block type="androidAccelerometer_getProperty_Number">
    <field name="PROP">Y</field>
  </block>
  <block type="androidAccelerometer_getProperty_Number">
    <field name="PROP">Z</field>
  </block>
  <block type="androidAccelerometer_getProperty_DistanceUnit">
    <field name="PROP">DistanceUnit</field>
  </block>
  <block type="androidAccelerometer_setProperty_DistanceUnit">
    <field name="PROP">DistanceUnit</field>
    <value name="VALUE"><shadow type="navigation_enum_distanceUnit"></shadow></value>
  </block>
</category>
