  <category name="IMU-BNO055.Parameters">
    <block type="bno055imuParameters_create"></block>
    <block type="bno055imuParameters_setAccelUnit">
      <value name="BNO055IMU_PARAMETERS"><block type="variables_get"><field name="VAR">{bno055imuParametersVariable}</field></block></value>
      <value name="ACCEL_UNIT"><shadow type="bno055imuParameters_typedEnum_accelUnit"></shadow></value>
    </block>
    <block type="bno055imuParameters_setAccelerationIntegrationAlgorithm">
      <value name="BNO055IMU_PARAMETERS"><block type="variables_get"><field name="VAR">{bno055imuParametersVariable}</field></block></value>
      <value name="ACCELERATION_INTEGRATION_ALGORITHM"><shadow type="bno055imuParameters_typedEnum_accelerationIntegrationAlgorithm"></shadow></value>
    </block>
    <block type="bno055imuParameters_setAngleUnit">
      <value name="BNO055IMU_PARAMETERS"><block type="variables_get"><field name="VAR">{bno055imuParametersVariable}</field></block></value>
      <value name="ANGLE_UNIT"><shadow type="navigation_typedEnum_angleUnit"></shadow></value>
    </block>
    <block type="bno055imuParameters_setCalibrationDataFile">
      <value name="BNO055IMU_PARAMETERS"><block type="variables_get"><field name="VAR">{bno055imuParametersVariable}</field></block></value>
      <value name="CALIBRATION_DATA_FILE"><shadow type="text"><field name="TEXT">filename</field></shadow></value>
    </block>
    <block type="bno055imuParameters_setI2cAddress7Bit">
      <value name="BNO055IMU_PARAMETERS"><block type="variables_get"><field name="VAR">{bno055imuParametersVariable}</field></block></value>
      <value name="I2C_ADDRESS_7_BIT"><shadow type="math_number"><field name="NUM">8</field></shadow></value>
    </block>
    <block type="bno055imuParameters_setI2cAddress8Bit">
      <value name="BNO055IMU_PARAMETERS"><block type="variables_get"><field name="VAR">{bno055imuParametersVariable}</field></block></value>
      <value name="I2C_ADDRESS_8_BIT"><shadow type="math_number"><field name="NUM">16</field></shadow></value>
    </block>
    <block type="bno055imuParameters_setLoggingEnabled">
      <value name="BNO055IMU_PARAMETERS"><block type="variables_get"><field name="VAR">{bno055imuParametersVariable}</field></block></value>
      <value name="LOGGING_ENABLED"><shadow type="logic_boolean"><field name="BOOL">true</field></shadow></value>
    </block>
    <block type="bno055imuParameters_setLoggingTag">
      <value name="BNO055IMU_PARAMETERS"><block type="variables_get"><field name="VAR">{bno055imuParametersVariable}</field></block></value>
      <value name="LOGGING_TAG"><shadow type="text"><field name="TEXT">text</field></shadow></value>
    </block>
    <block type="bno055imuParameters_setSensorMode">
      <value name="BNO055IMU_PARAMETERS"><block type="variables_get"><field name="VAR">{bno055imuParametersVariable}</field></block></value>
      <value name="SENSOR_MODE"><shadow type="bno055imuParameters_typedEnum_sensorMode"></shadow></value>
    </block>
    <block type="bno055imuParameters_setTempUnit">
      <value name="BNO055IMU_PARAMETERS"><block type="variables_get"><field name="VAR">{bno055imuParametersVariable}</field></block></value>
      <value name="TEMP_UNIT"><shadow type="navigation_typedEnum_tempUnit"></shadow></value>
    </block>
    <block type="bno055imuParameters_getProperty_AccelUnit">
      <field name="PROP">AccelUnit</field>
      <value name="BNO055IMU_PARAMETERS"><block type="variables_get"><field name="VAR">{bno055imuParametersVariable}</field></block></value>
    </block>
    <block type="bno055imuParameters_getProperty_AccelerationIntegrationAlgorithm">
      <field name="PROP">AccelerationIntegrationAlgorithm</field>
      <value name="BNO055IMU_PARAMETERS"><block type="variables_get"><field name="VAR">{bno055imuParametersVariable}</field></block></value>
    </block>
    <block type="bno055imuParameters_getProperty_AngleUnit">
      <field name="PROP">AngleUnit</field>
      <value name="BNO055IMU_PARAMETERS"><block type="variables_get"><field name="VAR">{bno055imuParametersVariable}</field></block></value>
    </block>
    <block type="bno055imuParameters_getProperty_String">
      <field name="PROP">CalibrationDataFile</field>
      <value name="BNO055IMU_PARAMETERS"><block type="variables_get"><field name="VAR">{bno055imuParametersVariable}</field></block></value>
    </block>
    <block type="bno055imuParameters_getProperty_Number">
      <field name="PROP">I2cAddress7Bit</field>
      <value name="BNO055IMU_PARAMETERS"><block type="variables_get"><field name="VAR">{bno055imuParametersVariable}</field></block></value>
    </block>
    <block type="bno055imuParameters_getProperty_Number">
      <field name="PROP">I2cAddress8Bit</field>
      <value name="BNO055IMU_PARAMETERS"><block type="variables_get"><field name="VAR">{bno055imuParametersVariable}</field></block></value>
    </block>
    <block type="bno055imuParameters_getProperty_Boolean">
      <field name="PROP">LoggingEnabled</field>
      <value name="BNO055IMU_PARAMETERS"><block type="variables_get"><field name="VAR">{bno055imuParametersVariable}</field></block></value>
    </block>
    <block type="bno055imuParameters_getProperty_String">
      <field name="PROP">LoggingTag</field>
      <value name="BNO055IMU_PARAMETERS"><block type="variables_get"><field name="VAR">{bno055imuParametersVariable}</field></block></value>
    </block>
    <block type="bno055imuParameters_getProperty_SensorMode">
      <field name="PROP">SensorMode</field>
      <value name="BNO055IMU_PARAMETERS"><block type="variables_get"><field name="VAR">{bno055imuParametersVariable}</field></block></value>
    </block>
    <block type="bno055imuParameters_getProperty_TempUnit">
      <field name="PROP">TempUnit</field>
      <value name="BNO055IMU_PARAMETERS"><block type="variables_get"><field name="VAR">{bno055imuParametersVariable}</field></block></value>
    </block>
  </category>
