<category name="Color">
  <block type="color_getProperty_Number">
    <field name="PROP">Red</field>
    <value name="COLOR"><block type="variables_get"><field name="VAR">{colorVariable}</field></block></value>
  </block>
  <block type="color_getProperty_Number">
    <field name="PROP">Green</field>
    <value name="COLOR"><block type="variables_get"><field name="VAR">{colorVariable}</field></block></value>
  </block>
  <block type="color_getProperty_Number">
    <field name="PROP">Blue</field>
    <value name="COLOR"><block type="variables_get"><field name="VAR">{colorVariable}</field></block></value>
  </block>
  <block type="color_getProperty_Number">
    <field name="PROP">Alpha</field>
    <value name="COLOR"><block type="variables_get"><field name="VAR">{colorVariable}</field></block></value>
  </block>
  <block type="color_getProperty_Number">
    <field name="PROP">Hue</field>
    <value name="COLOR"><block type="variables_get"><field name="VAR">{colorVariable}</field></block></value>
  </block>
  <block type="color_getProperty_Number">
    <field name="PROP">Saturation</field>
    <value name="COLOR"><block type="variables_get"><field name="VAR">{colorVariable}</field></block></value>
  </block>
  <block type="color_getProperty_Number">
    <field name="PROP">Value</field>
    <value name="COLOR"><block type="variables_get"><field name="VAR">{colorVariable}</field></block></value>
  </block>
  <block type="color_rgbToColor_Number">
    <value name="RED"><shadow type="math_number"><field name="NUM">255</field></shadow></value>
    <value name="GREEN"><shadow type="math_number"><field name="NUM">255</field></shadow></value>
    <value name="BLUE"><shadow type="math_number"><field name="NUM">255</field></shadow></value>
  </block>
  <block type="color_argbToColor_Number">
    <value name="ALPHA"><shadow type="math_number"><field name="NUM">255</field></shadow></value>
    <value name="RED"><shadow type="math_number"><field name="NUM">255</field></shadow></value>
    <value name="GREEN"><shadow type="math_number"><field name="NUM">255</field></shadow></value>
    <value name="BLUE"><shadow type="math_number"><field name="NUM">255</field></shadow></value>
  </block>
  <block type="color_hsvToColor_Number">
    <value name="HUE"><shadow type="math_number"><field name="NUM">255</field></shadow></value>
    <value name="SATURATION"><shadow type="math_number"><field name="NUM">255</field></shadow></value>
    <value name="VALUE"><shadow type="math_number"><field name="NUM">255</field></shadow></value>
  </block>
  <block type="color_ahsvToColor_Number">
    <value name="ALPHA"><shadow type="math_number"><field name="NUM">255</field></shadow></value>
    <value name="HUE"><shadow type="math_number"><field name="NUM">255</field></shadow></value>
    <value name="SATURATION"><shadow type="math_number"><field name="NUM">255</field></shadow></value>
    <value name="VALUE"><shadow type="math_number"><field name="NUM">255</field></shadow></value>
  </block>
  <block type="color_textToColor_Number">
    <value name="TEXT"><shadow type="text"><field name="TEXT">#FFFFFF</field></shadow></value>
  </block>
  <block type="color_textToColor_Number">
    <value name="TEXT"><shadow type="text"><field name="TEXT">#FFFFFFFF</field></shadow></value>
  </block>
  <block type="color_textToColor_Number">
    <value name="TEXT"><shadow type="text"><field name="TEXT">red</field></shadow></value>
  </block>
  <block type="normalizedColors_getProperty_Number">
    <field name="PROP">Red</field>
    <value name="NORMALIZED_COLORS"><block type="variables_get"><field name="VAR">{normalizedColorsVariable}</field></block></value>
  </block>
  <block type="normalizedColors_getProperty_Number">
    <field name="PROP">Green</field>
    <value name="NORMALIZED_COLORS"><block type="variables_get"><field name="VAR">{normalizedColorsVariable}</field></block></value>
  </block>
  <block type="normalizedColors_getProperty_Number">
    <field name="PROP">Blue</field>
    <value name="NORMALIZED_COLORS"><block type="variables_get"><field name="VAR">{normalizedColorsVariable}</field></block></value>
  </block>
  <block type="normalizedColors_getProperty_Number">
    <field name="PROP">Alpha</field>
    <value name="NORMALIZED_COLORS"><block type="variables_get"><field name="VAR">{normalizedColorsVariable}</field></block></value>
  </block>
  <block type="normalizedColors_getProperty_Number">
    <field name="PROP">Color</field>
    <value name="NORMALIZED_COLORS"><block type="variables_get"><field name="VAR">{normalizedColorsVariable}</field></block></value>
  </block>
</category>
