<category name="LinearOpMode">
  <block type="linearOpMode_waitForStart"></block>
  <block type="linearOpMode_idle"></block>
  <block type="linearOpMode_sleep_Number">
    <value name="MILLISECONDS"><shadow type="math_number"><field name="NUM">1000</field></shadow></value>
  </block>
  <block type="linearOpMode_opModeIsActive"></block>
  <block type="linearOpMode_isStarted"></block>
  <block type="linearOpMode_isStopRequested"></block>
  <block type="linearOpMode_getRuntime_Number"></block>
</category>
