<sep></sep>
<!-- Logic is from blockly/demos/code/index.html, with some modification. -->
<category name="Logic" colour="210">
  <block type="controls_if"></block>
  <block type="controls_if">
    <mutation else="1"></mutation>
  </block>
  <block type="controls_if">
    <mutation elseif="1" else="1"></mutation>
  </block>
  <block type="logic_compare"></block>
  <block type="logic_operation"></block>
  <block type="logic_negate"></block>
  <block type="logic_boolean"></block>
  <block type="logic_null"></block>
  <block type="logic_ternary"></block>
</category>
<!-- Loops is from blockly/demos/code/index.html -->
<category name="Loops" colour="120">
  <block type="controls_repeat_ext">
    <value name="TIMES"><shadow type="math_number"><field name="NUM">10</field></shadow></value>
  </block>
  <block type="controls_whileUntil"></block>
  <block type="controls_for">
    <value name="FROM"><shadow type="math_number"><field name="NUM">1</field></shadow></value>
    <value name="TO"><shadow type="math_number"><field name="NUM">10</field></shadow></value>
    <value name="BY"><shadow type="math_number"><field name="NUM">1</field></shadow></value>
  </block>
  <block type="controls_forEach"></block>
  <block type="controls_flow_statements"></block>
</category>
<!-- Math is from blockly/demos/code/index.html, with some modifications -->
<category name="Math" colour="230">
  <block type="math_number"></block>
  <block type="math_arithmetic">
    <field name="OP">ADD</field>
    <value name="A"><shadow type="math_number"><field name="NUM">1</field></shadow></value>
    <value name="B"><shadow type="math_number"><field name="NUM">1</field></shadow></value>
  </block>
  <block type="math_arithmetic">
    <field name="OP">MINUS</field>
    <value name="A"><shadow type="math_number"><field name="NUM">1</field></shadow></value>
    <value name="B"><shadow type="math_number"><field name="NUM">1</field></shadow></value>
  </block>
  <block type="math_arithmetic">
    <field name="OP">MULTIPLY</field>
    <value name="A"><shadow type="math_number"><field name="NUM">1</field></shadow></value>
    <value name="B"><shadow type="math_number"><field name="NUM">1</field></shadow></value>
  </block>
  <block type="math_arithmetic">
    <field name="OP">DIVIDE</field>
    <value name="A"><shadow type="math_number"><field name="NUM">1</field></shadow></value>
    <value name="B"><shadow type="math_number"><field name="NUM">1</field></shadow></value>
  </block>
  <block type="math_arithmetic">
    <field name="OP">POWER</field>
    <value name="A"><shadow type="math_number"><field name="NUM">1</field></shadow></value>
    <value name="B"><shadow type="math_number"><field name="NUM">1</field></shadow></value>
  </block>
  <block type="math_single">
    <field name="OP">NEG</field>
    <value name="NUM">
      <shadow type="math_number">
        <field name="NUM">9</field>
      </shadow>
    </value>
  </block>
  <block type="math_single">
    <field name="OP">ABS</field>
    <value name="NUM">
      <shadow type="math_number">
        <field name="NUM">9</field>
      </shadow>
    </value>
  </block>
  <block type="math_single">
    <field name="OP">ROOT</field>
    <value name="NUM">
      <shadow type="math_number">
        <field name="NUM">9</field>
      </shadow>
    </value>
  </block>
  <block type="math_trig">
    <value name="NUM"><shadow type="math_number"><field name="NUM">45</field></shadow></value>
  </block>
  <block type="misc_atan2">
    <value name="Y"><shadow type="math_number"><field name="NUM">20</field></shadow></value>
    <value name="X"><shadow type="math_number"><field name="NUM">20</field></shadow></value>
  </block>
  <block type="math_constant"></block>
  <block type="math_number_property">
    <value name="NUMBER_TO_CHECK"><shadow type="math_number"><field name="NUM">0</field></shadow></value>
  </block>
  <block type="math_round">
    <value name="NUM"><shadow type="math_number"><field name="NUM">3.1</field></shadow></value>
  </block>
  <block type="math_on_list"></block>
  <block type="math_modulo">
    <value name="DIVIDEND"><shadow type="math_number"><field name="NUM">64</field></shadow></value>
    <value name="DIVISOR"><shadow type="math_number"><field name="NUM">10</field></shadow></value>
  </block>
  <block type="math_constrain">
    <value name="VALUE"><shadow type="math_number"><field name="NUM">50</field></shadow></value>
    <value name="LOW"><shadow type="math_number"><field name="NUM">1</field></shadow></value>
    <value name="HIGH"><shadow type="math_number"><field name="NUM">100</field></shadow></value>
  </block>
  <block type="math_random_int">
    <value name="FROM"><shadow type="math_number"><field name="NUM">1</field></shadow></value>
    <value name="TO"><shadow type="math_number"><field name="NUM">100</field></shadow></value>
  </block>
  <block type="math_random_float"></block>
</category>
<!-- Text is from blockly/demos/code/index.html, with some modifications -->
<category name="Text" colour="160">
  <block type="text"></block>
  <block type="text_join"></block>
  <block type="text_append">
    <value name="TEXT"><shadow type="text"></shadow></value></block><block type="text_length">
    <value name="VALUE"><shadow type="text"><field name="TEXT">abc</field></shadow></value>
  </block>
  <block type="text_isEmpty">
    <value name="VALUE"><shadow type="text"><field name="TEXT"></field></shadow></value>
  </block>
  <block type="text_indexOf">
    <value name="VALUE"><block type="variables_get"><field name="VAR">{textVariable}</field></block></value>
    <value name="FIND"><shadow type="text"><field name="TEXT">abc</field></shadow></value>
  </block>
  <block type="text_charAt">
    <value name="VALUE"><block type="variables_get"><field name="VAR">{textVariable}</field></block></value>
  </block>
  <block type="text_getSubstring">
    <value name="STRING"><block type="variables_get"><field name="VAR">{textVariable}</field></block></value>
  </block>
  <block type="text_changeCase">
    <value name="TEXT"><shadow type="text"><field name="TEXT">abc</field></shadow></value>
  </block>
  <block type="text_trim">
    <value name="TEXT"><shadow type="text"><field name="TEXT">abc</field></shadow></value>
  </block>
</category>
<!-- Lists is from blockly/demos/code/index.html -->
<category name="Lists" colour="260">
  <block type="lists_create_with">
    <mutation items="0"></mutation>
  </block>
  <block type="lists_create_with"></block>
  <block type="lists_repeat">
    <value name="NUM"><shadow type="math_number"><field name="NUM">5</field></shadow></value>
  </block>
  <block type="lists_length"></block>
  <block type="lists_isEmpty"></block>
  <block type="lists_indexOf">
    <value name="VALUE"><block type="variables_get"><field name="VAR">{listVariable}</field></block></value>
  </block>
  <block type="lists_getIndex">
    <value name="VALUE"><block type="variables_get"><field name="VAR">{listVariable}</field></block></value>
  </block>
  <block type="lists_setIndex">
    <value name="LIST"><block type="variables_get"><field name="VAR">{listVariable}</field></block></value>
  </block>
  <block type="lists_getSublist">
    <value name="LIST"><block type="variables_get"><field name="VAR">{listVariable}</field></block></value>
  </block>
  <block type="lists_split">
    <value name="DELIM"><shadow type="text"><field name="TEXT">,</field></shadow></value>
  </block>
  <block type="lists_sort"></block>
</category>
<!-- Variables is from blockly/demos/code/index.html -->
<category name="Variables" colour="330" custom="VARIABLE"></category>
<!-- Functions is from blockly/demos/code/index.html -->
<category name="Functions" colour="290" custom="PROCEDURE"></category>
<category name="Miscellaneous" colour="200">
  <block type="comment">
    <field name="COMMENT">Enter your comment here!</field>
  </block>
  <block type="misc_null"></block>
  <block type="misc_isNull"></block>
  <block type="misc_isNotNull"></block>
</category>
