  <category name="Range">
    <block type="range_clip">
      <value name="MIN"><shadow type="math_number"><field name="NUM">-1</field></shadow></value>
      <value name="MAX"><shadow type="math_number"><field name="NUM">1</field></shadow></value>
    </block>
    <block type="range_scale">
      <value name="X1"><shadow type="math_number"><field name="NUM">-100</field></shadow></value>
      <value name="X2"><shadow type="math_number"><field name="NUM">100</field></shadow></value>
      <value name="Y1"><shadow type="math_number"><field name="NUM">-1</field></shadow></value>
      <value name="Y2"><shadow type="math_number"><field name="NUM">1</field></shadow></value>
    </block>
  </category>
