<category name="Telemetry">
  <block type="telemetry_addNumericData_Number">
    <value name="KEY"><shadow type="text"><field name="TEXT">key</field></shadow></value>
    <value name="NUMBER"><shadow type="math_number"><field name="NUM">123</field></shadow></value>
  </block>
  <block type="telemetry_addTextData_All">
    <value name="KEY"><shadow type="text"><field name="TEXT">key</field></shadow></value>
    <value name="TEXT"><shadow type="text"><field name="TEXT">text</field></shadow></value>
  </block>
  <block type="telemetry_update">
  </block>
</category>
